seq,name/first,name/last,age,street,city,state,zip,dollar,pick,date
1,Erik,Hall,28,Vetav Plaza,Ibrofoz,NY,5501,$9891.58,YELLOW,01/20/1980
2,Olga,Scott,61,Jifru Mill,Toziovo,MA,16243,$7367.54,WHITE,12/20/1907
3,Bernardambert,39,Osaho Plaza,Vovlalca,ID,23734,$1471.11,WHITE,08-02-1905
4,Ethel,Hale,56,Neeh Way,Gebigdec,MO,61208,$7144.83,YELLOW,02-09-2068
5,Jeff,Bennett,58,Dahpi Turnpike,Cegiuk,AR,98516,$3393.18,GREEN,03/22/1951
6,Timothy,Pratt,45,Ofeni Heights,Holsakoc,AZ,83974,$9517.08,WHITE,12-10-1986
7,Benjamin,Walker,59obol View,Taiwdiz,MD,26461,$6256.22,RED,08/28/2062
8,Amelia,McGee,33,Ukenup Way,Zonwecog,NV,5435,$8036.22,YELLOW,02/25/2015
9,Amelia,Vasquez,64,Dunus Glen,Bawducud,FL,99543,$4936.03,WHITE,07-08-1960
10,Amy,Turner,59iwle Ridge,Fimniwzo,WA,85192,$640.47,BLUE,10-04-2018
11,Violet,Christensen,48,Fujus Trail,Pimarfi,GA,24715,$8685.21,BLUE,01/19/1957
12,Theresa,Gill,34,Fezhur Key,Zilijkeb,VA,49376,$8402.17,YELLOW,08-01-1906
13,Virginia,Morgan,18,Zigho Street,Saffehje,ME,22153,$9895.14,RED,04/17/1975
14,Paul,Knight,22,Nobok Highway,Murpolok,VT,20646,$9823.18,GREEN,12/29/2044
15,Eugene,Ross,57,Fowuf Heights,Nojpebuc,KS,38493,$5888.73,RED,10/20/1967
16,Eleanor,Warner,49,Fozoh Park,Nubelze,MO,87488,$7564.27,GREEN,02/18/2052
17,Don,Neal,22,Ipuba Court,Egraruni,MT,82017,$4112.68,WHITE,05-02-1998
18ottie,Fields,59,Obevi Street,Cidosa,KS,34797,$4325.58,GREEN,11-12-1958
19,Thomas,Gomez,55,Zutsor Pass,Hatgalis,TX,34833,$1466.46,GREEN,03/28/1943
20,Kenneth,Barber,32,Tiihe River,Vifneus,MD,98824,$4324.14,BLUE,05-04-1906
21,Susan,Williams,57,Sespo Lane,Pohvagev,OH,8039,$1895.69,WHITE,01-01-1992
22,Cory,Manning,28,Cuse Road,Cipicbu,OK,71361,$903.64,BLUE,12/14/2014
23,Edith,Weaver,43,Sijodi Grove,Fudmiboj,NC,56215,$7102.56,YELLOW,08-05-1932
24,Charlotte,Norman,36,Towo Highway,Atatejit,MT,26058,$8988.93,RED,06/15/2048
25,Mark,Curtis,44,Coejo Path,Citogeef,CA,92536,$5551.93,GREEN,02/25/1961
26,Dollie,Carson,41,Wewat Pike,Nodavuef,ME,30649,$2603.67,BLUE,01/23/2030
27,Jack,Ball,34,Oruvom Avenue,Bekjopmu,OK,83680,$4152.93,RED,09/17/1976
28,Tyler,Douglas,57,Zolcil Drive,Nowevu,NC,42227,$4964.16,GREEN,05/27/2060
29,Nathaniel,Vasquez,22,Jooh Way,Giniven,FL,77207,$6007.43,WHITE,01/25/2004
30,Brandon,Romero,36,Ojipid Turnpike,Mokerlon,AR,15990,$4513.86,WHITE,05-05-1977
31,Zacharyove,49,Uhufu Manor,Divijtuk,MO,43776,$1942.27,WHITE,05-09-1916
32,Oscar,Powers,18,Gere Pass,Alitanuk,RI,43031,$9710.64,GREEN,11/16/1903
33,Robert,Russell,36,Wavit Terrace,Kekvehod,MD,22775,$2835.60,BLUE,07/29/1989
34,Edwin,Owens,47,Gicvah Glen,Nepusa,ME,58552,$5701.75,YELLOW,12/17/2023
35ora,Evans,58,Waluco Road,Pujrezo,MD,51604,$6945.87,BLUE,10/24/1987
36,Stephen,Becker,52,Sohozu Pike,Pejufo,MI,5023,$4840.94,RED,03/30/2028
37,Bessie,Webb,24,Musape Lane,Oditovsiw,IA,28859,$2625.97,YELLOW,01/21/1972
38,Christine,Myers,25,Rawoh Pike,Bapulaor,MA,99642,$4140.97,RED,07-04-2038
39ouisa,Wilkins,33,Sonpen Loop,Nutsuub,NM,47694,$7897.69,BLUE,03/22/2064
40,Marvin,Freeman,35,Reca Drive,Epwutro,MD,1507,$309.00,BLUE,04/13/1955
41,Billy,Watson,35,Mumlis Manor,Zudpobcec,ME,80871,$9604.84,YELLOW,05/24/1932
42,Barbara,Foster,50,Obifu Drive,Vatokka,WY,11380,$5344.60,WHITE,04/27/1998
43,Gregory,Robertson,20,Ihbod View,Coebanoc,MT,13148,$4341.45,YELLOW,08/29/1915
44,Wayne,Bradley,49,Kazbi Extension,Uvguhak,MS,11875,$8185.35,YELLOW,05/17/1999
45,Bernice,Quinn,20,Sahuc Parkway,Nibeod,SC,38807,$4529.40,WHITE,02/13/1924
46eona,Ward,53,Zoroc Circle,Rolukig,ME,43409,$6873.89,BLUE,10/19/1984
47,Gabriel,Arnold,55,Haji Extensionewagtit,NH,45679,$3729.82,GREEN,09/18/1906
48,Erik,Martinez,43,Jaem Ridge,Kaipaura,WA,70948,$7947.22,GREEN,10/20/2068
49uella,Bush,33,Habeg Key,Vekofgo,IL,5213,$3531.43,BLUE,09-06-1957
50,Evelyn,Frank,27,Wibosi Street,Nuwiwno,PA,9031,$9465.43,GREEN,01/16/1990
51innie,Arnold,49,Godi Drive,Codnonun,SC,18109,$1687.69,GREEN,01/25/2014
52,Pauline,Gutierrez,22,Dofuh River,Rubgacufi,VT,18289,$1288.92,RED,03-11-1940
53,Alberta,Webster,51,Hisuk Place,Ukvivaf,IA,60612,$580.25,WHITE,08/22/2023
54,Christopher,Ball,35,Kifali Turnpike,Posodoova,NM,41967,$1688.04,YELLOW,08-05-1947
55,Curtis,Duncan,65,Mitani Grove,Icnabu,IN,49012,$7843.67,BLUE,09-01-1958
56,Edgar,Dean,51,Pufo Turnpike,Ekegosine,CO,4897,$7604.21,BLUE,07/23/1970
57,Daniel,Sanchez,28,Sinsih Manor,Ceomaca,ID,12880,$999.94,GREEN,06-08-1982
58,Hester,Graves,56,Zurve Heights,Iptekeb,UT,25360,$5367.00,YELLOW,01/27/1979
59ina,Gomez,40,Ahawo Court,Sotahhef,MO,98516,$9215.12,BLUE,12-11-2044
60,Oscar,Ryan,34,Tenuj Junctionumfazzav,CA,79103,$5693.70,WHITE,11/29/2019
61,Darrellee,53ahi Drive,Juwmimdi,DC,19315,$7038.89,BLUE,11-10-1974
62,Phillip,Frank,28,Suwniv Lane,Mumiasi,DE,94403,$947.47,BLUE,04-03-1964
63,Harriet,Young,22,Telbus Park,Doodukah,PA,71464,$8717.61,BLUE,08/22/1982
64,Frank,Murray,22,Gini Drive,Debrunak,WV,2927,$7563.67,BLUE,04/18/1920
65,Elijah,Davidson,46,Paov Ridge,Afzawha,MD,4135,$1501.22,BLUE,04-07-2002
66,Callie,Fletcher,60,Hojsid Boulevard,Pomwuzul,ID,73289,$8814.58,BLUE,10/26/2056
67,Edwin,Hogan,31,Gukva Glen,Ajbilla,WV,22463,$4117.84,YELLOW,08/22/2057
68,Ethel,Ray,37ifum Park,Hionuki,CT,35481,$9661.22,BLUE,03/28/2000
69,Delia,Thompson,36,Dokewi Point,Ferjerwo,AK,81280,$5290.94,YELLOW,12/18/2030
70,Jimmy,Hicks,36,Fuiw Point,Cipudo,ME,67352,$434.84,GREEN,02/17/2062
71,Carolyn,Marshall,22,Fonet River,Butdeblek,ID,90867,$8410.17,GREEN,02/24/1994
72,Ola,Gross,48,Beusi Road,Dumzorwum,KS,1046,$4875.61,YELLOW,05-05-2043
73,Darrell,Parker,44,Puspec Junction,Etparjag,MT,28026,$9163.57,WHITE,02/16/2067
74,Essie,Mendez,43,Kadiju River,Raheku,IN,23693,$2996.37,YELLOW,01/19/1956
75,Sue,Reese,22,Zobbe Mill,Wopopwes,WV,65684,$6658.39,RED,08-02-1964
76,Bruce,Christensen,28,Nuzoz Grove,Vuslifi,MS,27343,$192.30,YELLOW,03/22/1907
77,Gertrude,Vaughn,34,Docap Parkway,IhewuukeA,57590,$2340.39,RED,08-03-1909
78,Charlotte,Hampton,23,Socuw Point,Rahunmi,FL,91636,$24.62,GREEN,10/27/1923
79,Inez,Cobb,62,Gafkok Court,Jagdajom,ND,80185,$308.65,WHITE,03-08-1986
80,Rosalie,Sharp,21igod Junction,Amifobot,DC,65402,$3190.82,RED,03-03-1994
81,Barbara,Hines,42,Wamifa Extension,Nikulki,IL,390,$1686.77,GREEN,02-07-1996
82,Jennie,Owen,34,Dazi Turnpike,Sijcehaf,NJ,34645,$4914.30,BLUE,03/25/1997
83,Katharine,Fields,56,Fidun Glen,Cebuoj,WV,87283,$3236.09,WHITE,09/28/2025
84,Rosa,Ward,48,Cufen View,Cermees,MO,47014,$7200.57,RED,01/18/1950
85,Minerva,Austin,26,Aphot Extension,Hukkurpip,MA,29516,$4589.61,WHITE,07/21/2033
86,James,Ford,18,Zafuh Path,Nuzikza,VT,88718,$3839.59,YELLOW,04-03-1998
87,Edgar,Waters,55,Zica Drive,Sisocin,KS,24810,$6034.41,WHITE,09/29/2046
88,Andre,Thompson,52,Demze Path,Guaned,SC,19602,$2882.69,GREEN,10/18/1919
89,Sophia,Thomas,29ilso Circle,Zucoru,MO,57725,$3410.61,YELLOW,10/18/2028
90,Elnora,Snyder,65,Jujo Avenue,Coupuas,CT,92142,$1179.67,WHITE,12-05-1999
91,Theodore,Hayes,53,Omti Highway,Teteweg,SD,5418,$3696.05,BLUE,08-12-1933
92eroy,Rhodes,60,Becta Street,Wozoal,TX,62680,$1987.74,YELLOW,05/18/1906
93,Jacob,Simpson,42,Huova Key,Diihfo,WV,18686,$4550.13,BLUE,09/15/1903
94,Claudia,Payne,38,Kidav Avenue,Avihede,NE,595,$3320.19,BLUE,02-05-2055
95,Nellie,Rogers,40,Mudsu River,Rijalagi,AR,55923,$8589.70,WHITE,02-11-2022
96,Sara,Rodgers,58,Sozej Lane,Mebuvdid,AR,52409,$4653.60,BLUE,10/31/1986
97,Travis,Riley,38,Puno Avenue,Binino,PA,90218,$5290.72,YELLOW,07/30/1970
98,Justin,Sanders,23isem Junction,Cesiod,AK,88725,$3969.24,RED,11-05-1972
99,Addie,Pierce,18,Epdop Laneuzusce,WA,19329,$2361.13,YELLOW,08-05-2064
100,Essie,Perkins,57,Rivrak Plaza,Gekputli,IL,63571,$942.36,YELLOW,05/13/1905
101,Virgie,Young,57,Jied Trail,Jutkipov,WY,76164,$3950.75,YELLOW,04/14/1940
102,Catherine,McCoy,21,Ohewic Loop,Fulachu,MT,47793,$7486.38,YELLOW,07/15/2064
103ucile,Simpson,48,Figap Heights,Fidruwnu,IL,27920,$4072.74,WHITE,09-11-1911
104,Adeline,Clarke,43,Diol Plaza,Sojkavvi,NH,62097,$554.53,BLUE,03-04-1909
105,Virgie,Harrington,21,Nuiha Parkway,Cejcekis,TX,72993,$606.66,GREEN,09/17/2063
106,Tyler,Shelton,56,Agajet Place,Zesumno,AR,76834,$5677.79,GREEN,10-08-2044
107,Floyd,Baker,39,Ijhaj Point,Wofjeoh,VT,10890,$8268.36,GREEN,10/14/1984
108,Jason,Marshall,34,Zensa Place,Sotjikum,GA,95660,$7228.46,GREEN,01/15/2058
109,Isabella,Barton,30,Iscoz Center,Winatvih,ME,68204,$1530.97,YELLOW,07-11-2041
110eah,Guzman,61,Bucko Square,Gegbolo,CA,87686,$9223.05,BLUE,06/28/2062
111ola,Elliott,58,Uffuz Point,Hiawonuk,AL,14545,$2708.90,WHITE,03/29/1916
112,Mabelle,Shelton,40,Afote Trail,Zuduhotu,UT,79354,$8988.02,BLUE,07-11-1957
113,Howard,Delgado,49,Okisoj Avenue,Urjahseh,ND,67251,$8478.22,YELLOW,05/19/1932
114,Christine,Kim,24,Nesu Loop,Repcagib,SC,67419,$3100.29,BLUE,05/24/2042
115,Ina,Weber,53,Zomgoj Place,Kepkojlo,SC,30885,$8507.38,BLUE,07/19/1944
116,Francis,Phelps,29,Uvuse Way,Gazowo,CO,8859,$6310.44,WHITE,03/26/1970
117,Jean,Mendoza,53,Zitvi Loop,Zumantud,WA,54847,$6444.32,GREEN,09/30/2068
118,Anne,Cruz,26,Nubi Parkway,Tirtiwuge,IL,16003,$8414.00,YELLOW,09/27/1948
119,Clifford,Ward,22,Wucege Turnpike,Ucoguer,OK,25553,$9455.72,GREEN,09/19/1954
120,Warren,Tucker,43,Soffic Heights,Bewtous,KY,5917,$243.27,GREEN,04/16/1946
121,Dorothy,Schmidt,40,Jekuj Road,Didokda,NC,933,$3533.80,WHITE,04-08-1982
122,Craig,Higgins,62,Pejifa Square,Putgemuw,ID,18842,$6797.86,BLUE,03-09-1974
123,Roger,Carpenter,52,Sarros Pass,Akabidbo,SC,70097,$5767.12,RED,07/28/1903
124,Alex,Watson,49,Hebmu Circle,Endaam,CA,86849,$4834.60,RED,06-01-1907
125,Martinogan,25,Hike Extension,Zecpanvot,OK,5899,$62.14,RED,10/23/1938
126,Dustin,Pope,34,Reda Circle,Citbicuk,MI,57944,$1026.06,RED,03-07-2031
127,Henry,Price,29,Kugdar Point,CabupudA,10672,$1780.23,WHITE,01/15/2048
128,Mike,McKinney,43,Zalvef Park,Namasju,NV,56652,$9024.40,GREEN,02-02-1997
129,Gerald,Torres,28,Porta Heights,Bupifvel,WI,64848,$2625.79,GREEN,03/19/2020
130,Bernard,Harris,49,Sumco Square,Moawata,AK,84810,$8183.36,BLUE,10/27/2064
131,Peter,Dunn,28,Pudup Loop,Sestedko,MN,3309,$5865.28,WHITE,01/25/1990
132,Paul,Ward,31,Nancen Highway,Undowac,MO,69598,$2700.13,YELLOW,07/13/1975
133,Bessie,Ramos,63,Ipve Road,Huogpe,NC,91117,$7687.87,YELLOW,09/21/1909
134,Elnora,Frank,48,Idiozi Glen,Dinota,WI,21548,$7660.17,GREEN,09/22/1982
135,Joseph,Walters,24,Irlez Pike,Ceropce,TN,26099,$8172.58,GREEN,09/18/2015
136,Inez,Barnes,51,Verrir Manor,Kupniez,OK,64127,$5928.86,WHITE,02-03-2031
137,Jerome,Morgan,20,Seeli Drive,Jemipaf,OR,60390,$5661.12,BLUE,09/27/1968
138,Benjamin,White,61,Hizpog Parkway,Kohlezsaw,ID,61094,$8852.11,GREEN,08-01-2067
139,Philip,King,28,Powli Junction,Rivoifa,NE,68172,$5866.90,YELLOW,01/25/1994
140,Manuel,Bowen,27,Mezom Court,Sehfavhiw,PA,95602,$9704.15,RED,05-11-1988
141,Sally,Owen,34,Tevpu Pass,Vektemin,IA,1868,$3650.54,RED,05-07-1986
142,Alfred,Morris,64,Tepah Lane,Ugkajiv,GA,21528,$3567.27,BLUE,04/15/2032
143,Benjamin,Davis,54,Docef Path,Odietouvi,DE,77199,$5802.59,YELLOW,07/22/1916
144,Mario,Clark,54,Cime Street,Mikemtu,WI,61229,$3844.44,BLUE,04-10-2010
145,Emily,Crawford,32,Buve River,Zucihte,SD,26359,$7741.64,BLUE,01/14/1998
146,Marion,French,61,Pufwep Boulevard,Mijisluk,HI,48782,$9978.07,RED,07/16/1947
147,Mabel,Austin,55,Fina River,Rirloet,UT,37421,$772.33,YELLOW,09/29/1984
148,Don,Austin,50,Vaava Street,Ajmifas,VA,1608,$5401.07,RED,03-07-1992
149,Donucas,19,Ziel Trail,Teadoro,ND,15134,$7367.86,GREEN,07/15/1964
150,Hilda,Boone,46,Rineh Mill,Duguhuv,MD,26299,$3993.49,GREEN,07-07-1915
151ora,Steele,57,Vogi Pike,TaritaA,56497,$6364.58,YELLOW,02-03-1931
152illian,Graves,25,Owfor Way,Veewvu,IN,81148,$1627.90,YELLOW,07/29/2051
153,Manuel,Barrett,19,Partof Junction,Rudkewa,VA,67205,$676.58,WHITE,04-04-2065
154,Matildaynch,20,Nude Road,Fimobevi,WA,68327,$4413.49,WHITE,12/31/1971
155,Elizabeth,Stanley,18,Focli Drive,Tuajoas,ID,39243,$7052.75,WHITE,11/20/1939
156,Nancy,Meyer,26,Pebir Circle,Puwarju,AZ,17395,$5644.20,WHITE,04-03-1908
157,Hattie,Fletcher,47,Upufu Terrace,Egadajjib,NV,19558,$1897.10,YELLOW,12-03-2063
158,Bryanamb,30,Tolpa Plaza,Inuludu,SD,20693,$8494.65,BLUE,09/21/1948
159,Annie,Griffin,40,Womu Center,RofsajoA,13021,$3596.00,YELLOW,01-12-2031
160,Ronnie,Garrett,35,Riiko Place,Tamuncuw,MN,4026,$413.46,YELLOW,04-12-1972
161,Austin,Hamilton,51,Relom Way,Wevukor,IL,74799,$7479.79,YELLOW,04/20/1988
162illie,Mack,65,Sozpi Center,Eveisofod,PA,50573,$7267.44,YELLOW,03/15/1981
163,Carrie,Morton,39,Fulof Road,Ojpajfi,FL,12012,$8861.94,BLUE,02/15/1929
164,Daisyawrence,20,Fako Avenue,Cibdanvic,NE,60391,$4829.23,YELLOW,12/19/1953
165,Bernice,Walton,61azha Key,Odcowo,SD,6193,$800.08,YELLOW,07-02-1964
166,Barbara,Foster,54,Fivud Extension,Atedahpiz,WV,47914,$5751.53,YELLOW,11/25/1971
167,Frederick,Williamson,40,Pocul View,Elejijo,MI,89938,$7987.75,YELLOW,12/30/1925
168,Connor,Nichols,48,Getel Square,Bavcogka,PA,19272,$8746.74,YELLOW,06/20/1958
169ucile,Washington,20,Fesi Junction,Webnochiz,RI,53318,$5925.08,YELLOW,12/13/1995
170,Gregory,Pena,22,Cebu Boulevard,Bibiso,AK,58266,$415.84,BLUE,08-11-1984
171,Blake,Hale,62,Futdon Place,Zuiwehat,MN,15736,$2683.70,YELLOW,03/25/1902
172,Juan,Kim,63,Rada Court,Bifipi,MN,77687,$3013.95,RED,08-06-1969
173,Rosie,Stephens,30,Cussej Court,Emasiku,MO,99312,$8808.03,YELLOW,05/15/2055
174,Mina,Rodgers,47,Woso Point,Hatehir,MS,92311,$8029.89,BLUE,07/24/2059
175,Harriet,Gilbert,63,Hebbib Center,Jeniwuso,PA,57303,$1986.90,BLUE,07-01-2024
176,Genevieve,Hughes,49,Ehaju Mill,Benmefje,ND,3100,$4637.33,GREEN,10-09-1980
177,Maude,McGuire,26,Cermu Road,Kutdijnut,NV,55808,$4322.53,YELLOW,11-08-1932
178eroy,Nelson,45,Ideha River,Hanare,MT,23040,$4996.31,GREEN,06/29/2024
179,Devin,Zimmerman,44,Ugcog Park,Nippamom,SD,30533,$3130.26,BLUE,08-11-2020
180,Charles,Chambers,61,Dares Way,Giackav,HI,41374,$1745.50,WHITE,05/31/1937
181ucy,Cobb,39,Saclid Manor,Pocilom,CT,98610,$3085.32,BLUE,12-08-1973
182,Norman,Allison,52,Cijuw Parkwayivovijed,NM,21395,$490.20,YELLOW,09-12-2016
183,Sarah,Dixon,61,Nupam Road,Dilazuewo,HI,24052,$8354.64,WHITE,04-09-1929
184,Dorothy,Alvarado,58,Aroci Road,SipferoA,4263,$973.88,WHITE,07/28/1934
185,Ola,Woods,60,Vothap Manor,Ejdabbi,ID,78348,$98.07,GREEN,09/27/2016
186innie,Bowers,19,Vovov Place,Gobujoc,RI,46237,$4569.81,GREEN,12-07-2035
187,Erik,Boone,61,Cuhaj Glen,Mewupep,MS,54680,$8822.73,WHITE,04-03-1947
188,Gregory,Stone,39,Fiuso Centerodisoal,SD,55412,$3373.59,WHITE,11/25/1970
189,Shawn,Rose,45,Bumri Ridge,Jijtiha,TX,56437,$3644.26,YELLOW,10/22/1998
190,Jayden,Walton,64,Fehib Extension,Dawloknu,OH,31943,$838.65,RED,10/22/2059
191,Miguel,Floyd,53,Zizcuw Plaza,Ucebara,ID,93671,$3772.67,YELLOW,07/17/2039
192,Mae,Arnold,29,Pios Place,Dimokge,KS,36800,$5166.25,RED,04/29/1978
193,Floyd,Powers,19,Govsif Point,Puhuhoci,NE,29975,$7442.04,RED,08/21/1922
194uke,Fletcher,54ejge Pass,Pekhuvvim,NC,75353,$3583.60,WHITE,05/18/2029
195,Alvin,Hardy,43,Divvum Key,Mutcizu,UT,7574,$842.22,WHITE,10/20/1916
196,Joel,Higgins,49,Vuvsi Center,Bultumjot,AZ,12605,$3992.59,YELLOW,12/26/2013
197,Ralph,Summers,36,Sodez Avenue,Vefewpiw,ME,80375,$2953.98,WHITE,10/21/1929
198,Theodore,Robinson,57,Tunza Court,Wujgevuf,WI,67483,$1737.53,RED,02/28/1927
199,Willie,Bailey,56,Ahuka Trail,Hazehse,ID,17659,$5060.65,WHITE,10/20/2029
200,Raymond,Bailey,65,Guwir Trail,Nozinlo,TX,2468,$9101.62,RED,10-02-1961
201,Sophia,Stokes,53,Tunan Key,Voggufjor,DC,9114,$4206.28,WHITE,06/18/2032
202,Barbara,Watson,57,Tirrud Manorapjidip,IA,65425,$8189.83,RED,04/19/1973
203,Rodney,Hansen,42,Izgo Center,Vewzildel,WV,69766,$6028.95,RED,10-03-1908
204,Ada,Drake,19,Kizwuv Loop,Burfohi,SD,45991,$8279.51,BLUE,02/16/2042
205,Agnes,Hampton,44,Peblef Turnpike,Ilbufos,DE,17807,$5880.42,GREEN,07/19/1967
206,Josephine,Morrison,31,Tetgac River,Ovugado,FL,30666,$9158.34,RED,04/20/1949
207,Eliza,Herrera,33,Ucasum Manor,Cemimru,NH,42471,$3200.42,RED,07/27/2051
208,Sylvia,Wagner,22,Cuvu Glen,Tiagor,SD,93333,$3154.98,GREEN,03-07-2064
209,Dora,Pearson,54,Uteze Circle,Barzoahi,NH,61974,$9972.03,YELLOW,05-07-2012
210,Helena,Casey,60,Mohuv Manor,Cewuwbe,NV,49040,$7842.63,WHITE,01/31/2010
211,Sam,Roberson,20,Jobi Court,Guefliv,UT,70049,$2220.35,GREEN,11/19/1996
212,Gerald,Morton,38,Zoptab Glen,Sidvotkiw,SC,70738,$1018.72,RED,11/17/1914
213,Gene,Bailey,28,Cofor Lane,Muzeho,CO,35091,$7526.34,YELLOW,06/15/2054
214,Philip,Munoz,39,Dugaj View,Vegsipo,WI,20546,$3507.39,WHITE,11-02-1989
215,Owen,Guerrero,43umteg Ridge,Etzivu,WI,30000,$9125.39,YELLOW,04/18/2064
216,Alex,Hunt,59,Obogo Glen,Pidezeh,DC,30568,$3805.34,RED,04/25/2004
217,Bryan,Austin,57,Ibumet Turnpike,Ohviwo,OR,54614,$5647.20,BLUE,07-01-1931
218,Tyler,Johnston,18,Comu Road,ItujadejA,83522,$9017.92,YELLOW,07/14/1914
219,Edith,Harris,59,Mejih Place,Nujacaan,CT,94803,$7342.35,WHITE,12/21/2033
220,Maud,Singleton,35,Wudluc Road,Veesodal,WI,7494,$5141.72,YELLOW,12-08-1965
221,Cory,Vargas,62,Cigu River,Gawabo,ND,49663,$2934.13,BLUE,08-05-2061
222,Myra,Hale,26,Bebuf Grove,Ozalubig,KS,78051,$806.58,YELLOW,09-09-2048
223,Ralph,Chandler,63,Nuzla Trail,Wekipi,PA,45303,$244.68,YELLOW,02/19/1903
224,Jeff,Garza,40,Hoer Heights,Joulepeg,AR,79802,$711.84,YELLOW,09/17/1916
225,Rhoda,Torres,35,Favnoz Road,Jirfoda,IL,55987,$9575.68,YELLOW,01/13/1970
226,Manuel,Carpenter,38,Nobte Circle,Degoome,WV,76807,$9025.42,WHITE,05-03-1928
227,Mamie,Rose,28,Gesnez Parkway,Amunedut,AZ,26750,$6772.36,GREEN,05-09-1954
228,Alex,Sullivan,57,Womiw Boulevard,Zekuwef,NJ,52844,$6786.28,RED,03-05-1925
229,Olive,Fernandez,59,Fisbe Ridge,Kuugotu,CA,57824,$7621.57,YELLOW,09/13/1912
230,Elnora,Brown,52,Zibid View,Gocabira,NC,41495,$3927.10,BLUE,04/26/1987
231,Zachary,Dunn,26,Ogooja Point,Makoguc,DE,21431,$6275.82,GREEN,04/22/1982
232,Calvin,Sutton,41,Hejsor Pass,Reohehaw,PA,59501,$5810.19,GREEN,05/31/1908
233,Rena,James,42,Ewisi Way,Hoflokros,NM,96854,$2378.06,RED,11-06-1931
234,Owen,Goodman,51,Rabi Pike,Ucuzopba,GA,48539,$7032.51,BLUE,04-10-2049
235,Mabelle,Pittman,62,Vaeko Court,Jiebfag,AL,11109,$8146.78,BLUE,08-11-2039
236,Jerry,Russell,44,Agohiv Ridge,Deovujof,OH,20992,$5204.33,WHITE,12-11-2026
237,Jimmy,Jimenez,49,Imure Street,Gohmarha,MS,98741,$9690.40,YELLOW,02/24/1991
238,Nannie,Chandler,47,Toflog Key,Funomug,AZ,19917,$7935.16,YELLOW,09/27/2047
239,James,Gross,56,Kuep Glen,Zaisuji,GA,31311,$8211.96,RED,07/17/1915
240,Garrett,Watkins,63,Cuev Manor,Zewcise,AL,51564,$4655.42,BLUE,03-05-1970
241,Polly,Munoz,43,Ahmu Highway,Elefudo,KS,27940,$4778.90,WHITE,07-04-1998
242,Micheal,Johnson,35,Dadbe Square,FiuwfoA,3992,$9831.51,RED,07-02-2035
243ettie,Hines,39,Mice Heights,Jodajij,CO,29931,$9878.39,GREEN,12-04-1932
244,Jennie,Huff,20,Fowali Loop,Mitivne,CA,11110,$2827.58,RED,01/21/1966
245,Celia,Walker,33,Ihil Avenue,Ackuwbe,MT,90438,$6251.00,GREEN,12/14/2043
246,Ruby,Johnson,48,Veej Grove,Beozeg,VT,21710,$8808.72,RED,09-03-1970
247,Dean,Marshall,33,Vuwbun Turnpike,Dejpufas,SD,39624,$1992.99,BLUE,01/13/2014
248,Virgie,Morris,50,Udige Turnpike,Akevvis,CO,60714,$5070.08,BLUE,07-12-2061
249,Ryan,Bush,40,Huhaf Key,Pitcoet,NY,27239,$4611.30,WHITE,01-09-1937
250,Emma,Greene,24,Wozev Avenue,Puhocur,WA,42703,$1143.60,WHITE,02/19/2036
251,Flora,Stephens,34,Fojceb Mill,Mecfabdi,DC,23394,$2643.79,BLUE,03/19/1968
252ester,Hudson,30,Momris Turnpike,Famsigcen,CT,98281,$3676.24,YELLOW,07/24/2035
253,Tony,Soto,54,Finzow Glen,Maonino,WI,41553,$5852.01,YELLOW,08/27/1916
254,Gussie,Wright,64,Nanvef Turnpike,Vosdoaja,HI,77439,$3910.22,BLUE,02-04-2030
255,Eliza,Goodman,44,Masso Heights,Sorkamo,IN,93895,$6148.25,BLUE,11/18/1973
256,David,Munoz,36,Ukpin Glen,Alefihzu,MA,36333,$7639.56,RED,07/25/2059
257andon,Stevenson,23,Tohug Road,Keffedbu,MT,983,$3123.11,RED,01/20/1913
258,Maurice,Duncan,34,Depav Extension,Henaznug,NY,89009,$7305.93,GREEN,12/13/2020
259,Sophie,Bryant,61,Nepwi Boulevard,Cuwedama,NE,31581,$1828.00,BLUE,07-08-2022
260,Jeffery,Malone,30,Naej Boulevard,Sohilecuv,KY,6978,$7547.94,YELLOW,10/25/1986
261,Roxie,Hawkins,33amjew Manor,Mojole,VT,55094,$4809.81,BLUE,01-04-1908
262,Nell,Martinez,24,Guvof Street,Isorasog,UT,11392,$9483.14,YELLOW,05-02-2058
263,Mathilda,Ingram,31,Mabsa Path,Huetodo,ME,59348,$7328.26,WHITE,01/16/1977
264,Della,Diaz,53,Arfa Terrace,Mejesor,ID,26387,$6115.60,RED,09/21/2035
265,Beulah,Richards,42,Emra Pass,Bakozapib,MA,40440,$826.88,RED,11/20/2022
266,Christina,Barnett,58,Hizfi Ridge,Hitwuvo,NY,95993,$1786.98,WHITE,07-08-1961
267,Juan,Boyd,37,Weecu Street,Falmigos,UT,92738,$8989.56,WHITE,02-04-1981
268,Esther,Mendez,60,Riat Center,Jozioh,AL,36124,$4498.32,WHITE,06-09-1990
269,Jose,Matthews,45,Bilcud Pass,Suzejuti,IN,36133,$826.81,BLUE,05-02-1922
270,Mitchell,Pierce,56,Omsaj Way,Jemenun,WV,80797,$7174.84,YELLOW,09-07-1910
271,Norman,Tate,29,Podkur Manor,Etanama,IA,22453,$9688.79,YELLOW,03/30/2011
272,Delia,Griffin,55api Pass,Fehdidja,UT,32685,$5059.99,BLUE,01-10-1910
273,Theodore,Burns,30,Cuduc Lane,Sukkolweh,AL,24597,$9201.20,YELLOW,02-09-2048
274innie,Walsh,59apbo Turnpike,Jiboud,UT,95248,$4591.29,YELLOW,11-07-1914
275,Johnny,Gordon,47,Uhza Turnpike,Vunioza,OK,83502,$4616.89,YELLOW,04-03-2031
276,Clara,Holland,37,Zebre Ridge,Etguta,ME,80033,$8110.16,RED,06/18/2070
277,Katharine,Owen,27,Ukakej Key,Ibiseso,NM,3649,$8877.05,WHITE,06/26/2038
278,Essie,Griffith,33,Mucu Trail,Ulcehhe,ME,58774,$3127.16,WHITE,12/13/1998
279,Austin,Moody,22,Cooki Terrace,Jorujke,MA,50299,$6135.76,WHITE,08/21/1947
280eah,Price,43,Nutco Parkway,Izitaki,IN,39736,$6191.15,YELLOW,12-11-2061
281,Georgia,Brooks,58,Pawedu Highway,Vehesejo,DC,19274,$3869.97,RED,01/27/2001
282,Austin,Welch,61,Dale Square,Pohujmi,NM,13997,$1643.33,YELLOW,01-09-1904
283,Dorothy,Wise,23,Otubu Lane,Budpijco,ME,9929,$3540.53,RED,07/31/2011
284,Tommy,Howard,49,Ekleh Center,Ihulufzid,IN,40805,$5907.85,RED,07-07-2053
285,Dylan,Carroll,23,Jigeg Drive,Pozenus,IA,94044,$1105.05,RED,09-01-2022
286,Fanny,Schmidt,29,Kufri Grove,Nagzoma,NE,46491,$9783.56,YELLOW,12-09-2024
287,Franklin,Reid,22,Hidpi View,Jatonpez,MI,67514,$2391.75,WHITE,09/21/1971
288,Raymond,Rios,46,Bufna Extension,Werlemel,AL,88087,$4636.01,WHITE,01/15/1935
289,Mittie,Evans,30,Cerli Junction,Mucomtuj,DE,71507,$6775.26,RED,05/16/2017
290,Donald,Welch,28,Suazu Manor,Wijuifi,ME,34406,$1487.40,YELLOW,05/13/2043
291,Anne,Steele,24,Jajjor Heights,Efdevom,MO,47762,$611.56,YELLOW,08/27/1998
292eroy,Herrera,44,Bugco Circle,Gusjidud,MA,54348,$5764.98,YELLOW,04/24/1992
293,Ethel,Fleming,25,Racup View,Unduca,SC,15515,$6460.19,YELLOW,04/19/2054
294andon,Simmons,62,Aheni Heights,Zibobho,OH,18421,$2499.18,WHITE,09-07-2041
295,Micheal,Porter,25,Sudib Drive,Okiclej,WV,76846,$7415.79,RED,09-12-2044
296,Chester,Obrien,62,Ojku Square,Vukremgez,AZ,53638,$1867.11,RED,06/28/1998
297,Dustin,Hines,43,Bewlef Trail,Olenufkil,IN,440,$3807.29,RED,11-04-2052
298,Calvin,Andrews,52,Idaace Place,Giziviz,OR,15375,$5800.34,BLUE,06/19/1954
299,Adeline,Morgan,19,Ohon Glen,Tocascop,SD,479,$863.29,WHITE,09/26/1915
300,Billy,Nichols,19,Jupdit Junction,Vokabti,DC,32591,$9794.65,GREEN,10/27/1908
301,Joseph,Williams,64,Galar Path,Taubagas,CA,80201,$6017.60,BLUE,08-02-1911
302,Ruby,Jackson,19,Beiri Square,Isafukno,PA,72130,$4055.00,WHITE,12/18/1904
303,Eleanor,Soto,58,Rueti Parkway,Kaleig,TX,67228,$6978.66,BLUE,01/14/2031
304,Devin,Bridges,57,Cimzab Lane,Hazodum,FL,38938,$2931.04,GREEN,07/14/2031
305,Mayme,Chapman,48,Owune Manor,Kuurime,ND,99844,$9263.37,BLUE,10/13/1968
306ucille,Haynes,57,Gusa Pike,Bimeco,TX,28234,$8033.52,RED,03/25/1900
307,Myra,Perry,36,Cehli Grove,Ugikofer,OR,42113,$1113.58,YELLOW,02-09-2059
308,Jackson,Sutton,21,Mouj Square,Wuanhoj,WI,71028,$6844.45,WHITE,12-01-1950
309,Todd,Abbott,26,Bohak Loop,Dofubvu,KY,26946,$6178.81,WHITE,05/22/1926
310,Dominic,Henry,27,Pabfo Place,Visomir,DC,50148,$7055.34,YELLOW,03/16/1958
311,Russell,Ballard,36,Ovcab Highway,Cewokefil,OK,84921,$1601.01,RED,12/25/1971
312,Alma,Ryan,63,Zedu Avenue,Pogial,TN,67987,$120.57,GREEN,12-02-1995
313,Jacob,Coleman,28,Zawo Point,Umlibuwu,VA,72596,$1500.08,BLUE,07/20/1946
314,Emma,Manning,52,Reci Key,Tadroniz,KS,77658,$94.67,GREEN,02/15/1948
315,Claraittle,47,Napwuc Boulevard,Udodado,CA,63688,$8357.34,YELLOW,04-02-2003
316,Hester,Griffith,50,Ohci Extension,Gugkebob,OK,34613,$2841.63,GREEN,06-05-1930
317,Mildred,Patton,31,Cacezo Place,Gewaij,IN,36740,$195.90,WHITE,05-09-1928
318,Effie,Burns,24,Tafhul Park,Fooscoh,FL,72148,$3770.08,BLUE,04/19/1937
319,Angel,Tate,49,Joboc Way,Inawdat,ID,90008,$2172.49,BLUE,09-01-1982
320,Bessie,Briggs,29,Hulro Path,Meskival,OR,36450,$1868.62,RED,04-08-2031
321,Arthur,Summers,39efho Terrace,Aliretug,WA,86975,$3072.99,GREEN,09-03-1949
322,Ronald,Allison,59,Zajjug Road,WacsaziA,22078,$6067.64,YELLOW,10/15/2004
323,Jason,McDaniel,45,Zalen Lane,Ibijoptu,MO,66088,$7244.87,YELLOW,12-07-2047
324,Jimmy,Cooper,20,Odekig Drive,Geujha,TX,62678,$3487.65,BLUE,03-10-1923
325,Adeline,Hayes,43,Gowo Extension,Dimutakij,TX,60521,$9303.08,RED,04/27/1990
326,Austin,James,41ihor Manor,Baimawa,AZ,79648,$5934.99,YELLOW,08/28/1956
327,James,Schultz,43,Wiszic Pass,Nelahbaw,MO,3816,$4777.94,WHITE,09-07-2000
328,Gene,Curry,55,Urlit Center,Rewubja,OH,48935,$4722.69,RED,10/19/1958
329,Eunice,Butler,58,Zipzut Circle,Rusdujcik,ME,51625,$4873.53,YELLOW,11/24/1988
330,Jack,Holland,56,Dipuc Point,Benemuw,OR,76065,$6602.68,BLUE,03/14/2062
331,Cora,Jimenez,62,Cagav Manor,Monilup,NC,85183,$7862.69,BLUE,02/27/1969
332,Frances,Jones,43,Cuha Circle,Sowpajali,ND,84374,$9969.49,WHITE,09/16/1993
333,Olga,Glover,47,Tuep Grove,Viveuw,WI,1607,$6495.31,RED,05-02-1944
334,Sara,Richardson,30,Pefe View,Ebviki,ID,59684,$2012.69,WHITE,06-01-2032
335,Brandon,Bates,41,Atlul Terrace,Cadpeti,AZ,25311,$2099.26,GREEN,01-05-1980
336,Adele,Ortiz,26,Waowi Pathahlomoh,ND,83345,$5644.82,RED,03/19/1934
337,Nannie,Dixon,60,Cuif River,Weciuge,HI,53328,$821.78,BLUE,12-10-1914
338,Rose,Barker,19,Retwij Pike,Udihuwome,SC,1830,$9733.25,WHITE,11/19/2006
339,Hattie,Hughes,19,Vanwip Street,Tanhuigi,IN,21993,$5582.08,YELLOW,04-06-2003
340,Cynthia,Jefferson,61,Faab Terrace,Motdami,AR,55445,$1941.35,GREEN,01/28/1943
341,Paul,Garrett,60,Ribkif Manor,Mortavfo,MO,14205,$4784.51,RED,11/14/1981
342,Ivaewis,59,Inze Road,Kapwecu,MI,68019,$3263.05,BLUE,04/22/1919
343,Sadie,Cook,19,Fatav View,Bovahu,AR,58283,$7281.41,YELLOW,07-07-1954
344,Olive,Roberson,40,Ikse Boulevard,Picagrer,VT,98133,$7559.24,YELLOW,12-09-2062
345,Rosie,Boone,21,Esevur Highwayulzijupe,IA,84573,$284.66,RED,02-05-1990
346,Harriett,Holloway,25,Gekvu Turnpike,Pawmozoj,NC,81570,$7885.58,GREEN,09/27/1908
347,Gabriel,Simpson,34,Upere Junction,Norasadi,VA,5135,$3686.60,GREEN,12/22/1936
348ucinda,Grant,37,Jesis Court,Imumehju,OH,90802,$7635.84,GREEN,08/19/1951
349,Jeremy,Poole,50,Kudun Grove,Gavejuoca,CO,38542,$5320.10,WHITE,07/13/2069
350,Johnny,Vaughn,55,Seglub Parkway,Opuebzip,MI,2643,$4230.23,GREEN,01/13/1949
351,David,Osborne,63,Dovcad Highway,Cigrapta,MI,4288,$2917.09,RED,02/14/2065
352,Charlotte,Sims,44,Tigu Boulevard,Jupsacom,CA,30992,$9987.32,RED,09/25/1941
353,Callie,French,41,Olaciz Pass,Sitezem,WY,12923,$1549.44,WHITE,05/13/2007
354,Timothy,Nash,29,Huevo Terrace,Mipjejaz,MS,53257,$6586.21,BLUE,08-12-2010
355,Sally,Hunt,46,Alzen Park,Jatipil,NV,80540,$4404.21,GREEN,05/18/1902
356,Floyd,Chavez,54,Isatiw Boulevard,Vukacver,FL,97057,$8234.05,GREEN,06/29/1962
357,Ida,Silva,21,Nihke River,Tilnopiro,MO,87739,$8491.74,BLUE,11/14/1928
358,William,Jimenez,19,Ifzu Highway,Wawacvop,IL,17059,$2634.60,YELLOW,01/19/2047
359uella,Walsh,52,Voro Circle,Bivulis,MI,42557,$7407.11,GREEN,07/18/1909
360ois,Hudson,47,Olaiti Loop,Bugvilfor,AL,35984,$2565.12,BLUE,08-08-1921
361,Mathilda,Jones,24,Tujo River,Unetadsi,AZ,65376,$706.98,WHITE,06/18/2025
362,Duane,Walton,20,Ovaj Heights,Teojemi,UT,78092,$1620.20,YELLOW,06-11-2046
363,Hunter,Page,59,Ejson Trail,Cidrirki,WA,29717,$5940.29,RED,05/28/1908
364,Birdie,Gutierrez,23,Nedta Way,Ijdehge,ND,15940,$7646.85,WHITE,10/29/1964
365,Margaret,Gill,51,Fekpi Street,Tubhicak,CA,60970,$5042.22,YELLOW,10/13/2021
366,Mason,Norman,63,Zidaw Way,Kowizo,VA,2583,$5171.94,RED,02/26/2063
367,Frank,Mills,47,Vouna Pike,Nadsomowi,HI,94104,$2234.78,BLUE,08/31/1964
368,Susan,Ortiz,32,Visze Way,Cuosuf,CA,30086,$3152.76,RED,08-08-1967
369,Darrell,Simon,35,Bompom Turnpike,Zakatim,TN,21189,$8586.17,YELLOW,05/13/1930
370,Herman,Weaver,62,Wegrab Grove,Tehipo,NH,13020,$1001.45,BLUE,06-07-2026
371uke,Curry,43,Upusic Road,Osmiet,NY,46934,$3478.65,RED,04/25/1949
372,Gregory,Schneider,31,Goil Point,Metgimowo,ND,21113,$9934.87,GREEN,06/13/2059
373,Jerome,Roy,36,Teza Pass,Besliefe,GA,9051,$64.65,BLUE,08-01-1942
374,Rhoda,Thompson,42,Vuloc Glen,Vombutwa,DC,31642,$4401.10,RED,11-12-1903
375,Harvey,Fisher,46,Hokisi Highway,Dodkicah,AZ,79727,$367.70,YELLOW,06/29/1922
376,Jim,Mullins,20,Ceik Glen,Ubevinali,CT,36516,$7294.43,BLUE,06/13/1938
377ois,Estrada,56,Odme Centerosengi,WV,34668,$722.81,YELLOW,08/17/2060
378ena,Sherman,37,Aluule Boulevard,Vupzulam,HI,59135,$7977.64,YELLOW,07/28/1936
379,Barbara,Schmidt,46,Petusu Viewezwughe,CT,72513,$5436.02,GREEN,04-01-2028
380,Joshua,Day,32,Kawenu Glen,Setfiih,MT,96458,$2024.19,GREEN,07/24/1931
381,Chase,Ramsey,33,Pava Parkway,Zikiruh,DC,80683,$6605.64,GREEN,01/13/1957
382,Rose,Pena,31,Taos Court,Pafibcap,GA,507,$4731.41,GREEN,11/23/1987
383,Christina,Burke,54,Ufikon Highway,Pagobkej,DE,50850,$6442.50,GREEN,07/25/2059
384ucinda,Summers,57,Onga Passakujho,MS,80973,$4353.58,RED,04/29/2055
385,Sara,Riley,21,Imoos Path,Hamibut,IA,77874,$1629.71,YELLOW,09/18/1903
386,Addie,Ball,37,Pupku Pike,Doledcuk,DC,46067,$2543.91,YELLOW,03/25/1912
387,Ray,Mendoza,48,Wivfa Road,Gugnetwez,TN,63519,$9010.09,YELLOW,03/16/1900
388,Nelle,Summers,34,Ruwet Path,Racefo,WY,69935,$3351.66,WHITE,04/15/1992
389,Garrett,Reyes,37,Caror Lane,Kagrano,OR,48045,$146.51,YELLOW,09/14/2050
390,Robert,Ruiz,57,Pofvon Highway,Cujekwit,NJ,70348,$4983.14,GREEN,08/26/2009
391,Hunter,Brock,42,Ikmip Grove,Pecenocit,MT,99133,$4612.77,WHITE,01/20/2061
392,Anne,Farmer,62,Vocop Glen,Ukiffi,NC,95288,$625.61,WHITE,12/28/2039
393,Bessie,Johnson,37,Hodco Grove,Vajohbil,AK,60115,$1904.12,YELLOW,05-01-1917
394,Bess,Porter,35,Tutib Mill,Muamega,HI,37130,$7802.54,WHITE,04/25/1997
395,Susie,Dunn,63,Defa Street,Jawlufupo,TX,52357,$8016.44,GREEN,01-09-1991
396,Frederick,Harvey,44,Odunu Manor,Dubcaop,ND,62340,$813.85,YELLOW,02/27/2031
397,Victor,Wade,25,Nuwha Circle,Ufebuma,CA,10826,$120.70,YELLOW,07/31/2016
398,Kenneth,Greer,54,Gohaw Trail,Sudukuli,SD,80473,$1387.73,RED,12/19/2048
399,Mary,Stevenson,54,Zofaze Trail,Notduajo,TN,82014,$4683.94,WHITE,06/19/2026
400,Ernest,Watson,50,Zejbip Lane,Wamoho,DC,23362,$4010.67,YELLOW,05-03-1915
401,Martha,Pittman,21,Wagjuc Square,Kucozmez,IN,47777,$7948.14,WHITE,12-10-2002
402ettie,Hansen,43,Kegec Square,Dojokpu,ND,45999,$8365.66,RED,08/31/1941
403,Grace,Perry,28,Todhuf Terrace,Tevpobiw,OK,45496,$3586.05,YELLOW,08-02-1927
404,Nettie,Romero,41,Mottid HeightsozinpiA,39621,$6457.64,GREEN,10/26/1967
405,Charlieawson,44,Fapfe Junction,Dogaaji,ND,54523,$8406.57,GREEN,05/31/1997
406innieawson,30,Budwos Pike,Zajlape,VA,5672,$2521.95,GREEN,09/19/1951
407,Brian,Munoz,56,Suchu Place,Pedcegpon,NM,307,$4516.83,RED,12-11-1907
408,Timothy,Sims,61,Uvuc Park,Egipantek,CT,1323,$4668.85,YELLOW,07-01-2068
409,Willie,Horton,31,Uvrap Grove,Ciruesu,OR,74119,$3477.23,WHITE,02/19/1908
410,Hallie,Griffin,52,Wofgo Highway,Vonowlo,NY,70200,$2195.57,RED,12/25/1906
411,Joseph,Cruz,21,Soopi Loop,Cuteta,CT,56819,$2705.72,BLUE,12/13/2023
412,Russell,Warner,57,Favkug Junction,Wiwmevpu,MO,72050,$1122.23,RED,06-11-1976
413,Mildred,Ryan,37,Bumu Junction,Hukveosa,MA,41517,$3641.67,YELLOW,05/28/2060
414,Alex,Carroll,27,Cuslij Highway,Ehizaov,NY,43379,$3822.90,YELLOW,03/15/1930
415,Jeremy,Christensen,27,Meta Pass,Winwakfar,UT,89598,$3932.77,GREEN,08/26/1945
416ucinda,Alvarez,48,Noha Pass,Mupiojo,MA,51910,$697.79,YELLOW,09/30/1927
417,Miguel,Wheeler,25,Sice Manor,Tiowika,NM,9520,$2856.06,GREEN,09-06-1980
418,Amelia,Brown,49,Fuze Turnpike,Negetalo,OH,38951,$556.34,WHITE,09-12-2005
419,Birdie,Riley,35,Muas Glen,Wohdibtot,WA,43654,$4839.62,GREEN,07/28/1932
420,Adelaide,Alexander,21,Mursa River,Vitapene,ID,12627,$755.80,YELLOW,03-01-2049
421ucy,Ross,25,Kada Highway,PontoafA,95573,$1702.67,WHITE,05/24/1948
422,Johanna,Fuller,47owu Plaza,Olpolu,SD,46010,$8991.47,WHITE,02/18/1981
423,May,Vargas,43,Obup Circle,Nacurgoh,WY,73896,$4236.69,YELLOW,06/30/1905
424,Victor,Spencer,21,Sursu Avenue,Jorkupud,WY,33143,$272.20,WHITE,07/27/1949
425,Susie,Ellis,31,Vopnot Terrace,Momeef,AR,15931,$6126.68,BLUE,11-08-1974
426,Elnora,Coleman,59,Mabfep Lane,Egibatifo,TN,24994,$4006.28,GREEN,05/16/1958
427,Mable,Barrett,37,Naho Road,Faswiweve,TX,73527,$8132.59,BLUE,01/29/2033
428,Kyle,Blake,61,Pazli Way,Ikigiok,MI,85209,$1868.01,BLUE,07/15/2023
429,Tommy,Wong,35,Igel Pass,Bajfosi,WA,53156,$4606.55,YELLOW,07/17/2021
430ouis,Fowler,36,Reza Plaza,Poijema,UT,30244,$5784.97,YELLOW,01/17/1940
431,Hettie,Brooks,42,Kofew Turnpike,Mumacvib,SC,11693,$5094.25,BLUE,11-12-1907
432,Alta,Ball,27,Kismuw Circle,Gozuzu,DC,50956,$4934.27,BLUE,12-06-1908
433uke,Schneider,36,Dirpi Mill,Etebulu,OK,64745,$3913.48,GREEN,02-03-2030
434innie,Berry,36ode Path,Tudasjo,FL,11661,$832.64,GREEN,04-01-1906
435,Jeremiah,Adkins,30,Orupug Glen,Tokogo,NY,44890,$3863.74,YELLOW,07-07-1995
436,Inez,Banks,23,Sios Boulevard,Nuhildat,IN,10432,$1882.01,GREEN,08/25/1917
437,Trevor,Sharp,44etuc Way,Bimimo,NE,76873,$3161.38,YELLOW,10/21/1906
438,Elva,Brooks,44,Haoh Center,Ifacle,AR,1403,$7254.59,YELLOW,01/16/2007
439,Aiden,Haynes,51,Ficgav Key,Zokefu,MA,45159,$7158.32,WHITE,08/16/1996
440,Nellie,Klein,29,Sarwic Turnpike,Degopnam,OH,88919,$1867.97,WHITE,02-09-1913
441,Owen,Armstrong,40,Ukuno Squareurkovur,CT,95701,$8277.22,RED,09/19/2039
442illie,Jimenez,28,Uragen Turnpike,Zucefelaf,NM,34310,$3482.77,YELLOW,01/13/2009
443,Elijah,Cohen,25,Deger Plaza,Mivohiw,KY,26974,$5615.10,RED,04/25/1922
444,Mitchell,Wilson,63,Sira Ridge,Ziesope,HI,70295,$1583.13,RED,10/30/2029
445,Arthur,Murray,31ivu Avenue,Asazejad,ID,62495,$1357.85,YELLOW,01-10-1910
446,Dominic,Olson,23,Gakfu Boulevard,Vowurji,MA,34991,$7867.62,RED,06/17/1947
447,Helen,Robinson,20,Noroje Glen,Vimubcuj,WI,69352,$8127.32,GREEN,11/21/2051
448,Jonathan,Henry,50,Vikino Pass,Fugapinob,DE,33277,$2637.81,WHITE,10/19/2038
449,Tommy,Thomas,56,Riwan Point,Soubsut,MT,14312,$9197.28,WHITE,09-05-1956
450,Amelia,Ward,59,Jimek Pass,Dedirgo,WY,6614,$9616.65,GREEN,06/20/2022
451,Clifford,Baker,27,Absad Manor,Onavefu,NE,51718,$1715.73,YELLOW,09/26/2042
452ucile,Ball,43,Guhul Junction,Esoworoj,WI,92909,$271.51,RED,10/23/1984
453,Ruth,Ramos,46,Zaaho Square,Kabuset,IN,1746,$4586.24,WHITE,05/27/1956
454,Brian,Figueroa,36,Notcis Manor,Cehdiju,CA,27450,$1639.43,RED,02-08-2069
455,Andreweonard,57,Wozel Court,Buhdumu,VA,85926,$9727.79,RED,07/31/2018
456,May,Mills,37,Bibog Lane,Miltugej,DE,41476,$1569.57,RED,12-08-2039
457,Nellie,Vasquez,35,Hotal Grove,Hejamfav,VT,45973,$1215.86,YELLOW,06/16/2056
458,Gavin,Wagner,44,Uvezah Place,Howuten,AL,39718,$9350.88,GREEN,10-12-1965
459,Agnes,Woods,28,Gihja Way,Hepimkip,CA,59098,$4546.70,RED,11/21/2000
460,Carrie,Rivera,31,Tumom Highway,Jelkuwwi,NE,62892,$8828.07,GREEN,02-08-1908
461,Billy,Clark,36,Ebioro Circle,Ototda,IA,93442,$9155.26,WHITE,02/16/2024
462,Paul,Fletcher,18,Gavuzi View,Johisuic,NC,77255,$7941.06,BLUE,09/27/2018
463,Georgie,Brown,55,Zofjo Squareiwzupod,OR,26029,$3944.87,GREEN,12-04-1922
464,Dustin,Cruz,49,Uhvog Path,Fausvu,MS,85423,$1108.89,RED,10/20/2046
465,Antonio,Garrett,19,Teiti Glen,Tinuaw,AL,7797,$8302.61,BLUE,02/25/2006
466,Rose,Hardy,28,Kasgev Park,Jobifsug,MS,23639,$5704.68,BLUE,04/30/1940
467illie,Wong,34,Ihule Street,Vofipamo,OR,2829,$8520.39,RED,01-01-1958
468,Todd,Cummings,39,Rate Trail,Hebafloh,WA,73184,$1509.93,BLUE,08/27/1977
469,Glenn,Cook,60,Gane Heights,Zasosi,WI,55484,$9979.32,YELLOW,03-03-2052
470,Fred,Hammond,54,Zihla Key,Tepsaep,OK,68533,$620.17,WHITE,04/21/1943
471,Milton,Woods,49,Siwug Drive,Jumige,DC,72711,$9335.73,YELLOW,05-07-1959
472,Jean,Newton,30,Herod Street,Wefanne,ID,18828,$6462.29,YELLOW,08/26/2024
473,Carlos,Jordan,65,Camvim Avenue,Tiotamo,MN,57216,$3102.86,GREEN,08/19/2030
474,Oscar,Ball,63,Roder Heights,Bacjama,NJ,44178,$6866.12,RED,08-05-2068
475,Gavin,Morton,22,Riit Parkway,Orukego,NV,58254,$5433.73,BLUE,02-04-2026
476,Clyde,Hammond,48,Uswor Loop,FuezurohA,31044,$4183.34,BLUE,11-05-1996
477,Harold,Russell,41,Razuc Junction,Gebutna,FL,40420,$5331.79,BLUE,08-05-2032
478,Richard,Walker,23,Acuk Manor,Tisrebnal,NJ,21160,$3379.83,YELLOW,08/20/1929
479,Clayton,Terry,48,Fopdak Junction,Nisgufum,ME,10503,$5024.67,BLUE,08-10-2064
480,Howard,Nunez,62,Uwlos Glen,Caaviepu,WI,10696,$8303.97,BLUE,11/30/2058
481,Derek,Watts,45,Wabmeg Loop,Nubegu,ND,72731,$9682.36,YELLOW,09/28/2048
482,Kathryn,Carr,20ifo Road,Riusce,OH,76238,$248.71,WHITE,04/29/2017
483,Cornelia,Soto,33,Racbaj Highway,Tadhuvoj,KS,81865,$6959.88,WHITE,08-12-2017
484,Max,Carpenter,63,Bemsab Centerazjazu,VT,33186,$1394.65,YELLOW,11/16/2054
485,Alvin,Brewer,40,Tijme Place,Calitiru,IA,60856,$505.72,YELLOW,07/15/2030
486,Rena,Chavez,42,Tulon Center,Kechigan,CA,6803,$2773.51,GREEN,11/28/1903
487,Trevor,McKinney,43,Guga Ridge,Dinicwev,MS,67654,$8682.11,WHITE,02/21/1951
488,Verna,Anderson,35,Ohpow Glen,Jepzozur,AR,52765,$4851.64,GREEN,11-06-2038
489,Ola,Rivera,50,Pahje Circle,Bujvouco,UT,97875,$1558.08,RED,12-03-2005
490,Cecelia,Gutierrez,24,Hegge Key,Wofjita,OH,80092,$6407.56,WHITE,08/20/1940
491,Jared,Barber,57,Metu Lane,Ozulepa,NJ,94410,$1033.74,GREEN,01-07-2067
492,Alta,Ross,65,Vuran Terrace,Wurdika,IL,33802,$839.96,GREEN,07-05-1907
493,Dennis,Joseph,47,Folo Court,Rudtuzlu,NY,14886,$940.78,RED,07-04-1945
494,Wayne,Simmons,62,Wehu Square,Rezlatba,UT,59402,$4577.50,GREEN,02/24/2054
495,Bryan,Christensen,35,Vuce Point,Ajbale,OK,66219,$621.16,BLUE,06/25/2019
496,Lois,Riley,35,Ugnib Court,Vuikce,AL,9470,$368.24,RED,02-10-1962
497,Anthony,Fleming,23,Zuruha Highway,Acociwgu,DE,17175,$5955.54,BLUE,10/24/1970
498,Laura,Dixon,31,Fiil Manor,Usujiula,DE,54244,$8756.00,BLUE,10-12-1994
499,Allie,Torres,34,Jutbub Path,Hewjikaj,MD,78504,$580.19,GREEN,09/19/1902
500,Aaron,Carr,63,Toevu Pike,Fulsuki,CA,64231,$3167.25,RED,01/22/1932
